<?xml version="1.0" encoding="UTF-8" ?>
<!DOCTYPE mapper PUBLIC "-//mybatis.org//DTD Mapper 3.0//EN" "http://mybatis.org/dtd/mybatis-3-mapper.dtd" >
<mapper namespace="cn.sworddata.mapper.AnswerTMapper" >
  <resultMap id="BaseResultMap" type="cn.sworddata.pojo.AnswerT" >
    <id column="id" property="id" jdbcType="INTEGER" />
    <result column="user_id" property="userId" jdbcType="VARCHAR" />
    <result column="test_id" property="testId" jdbcType="VARCHAR" />
    <result column="finished_time" property="finishedTime" jdbcType="TIMESTAMP" />
    <result column="paper_id" property="paperId" jdbcType="VARCHAR" />
    <result column="remark" property="remark" jdbcType="VARCHAR" />
    <result column="test_time" property="testTime" jdbcType="INTEGER" />
  </resultMap>
  <resultMap id="ResultMapWithBLOBs" type="cn.sworddata.pojo.AnswerT" extends="BaseResultMap" >
    <result column="answers" property="answers" jdbcType="LONGVARCHAR" />
  </resultMap>
  <sql id="Example_Where_Clause" >
    <where >
      <foreach collection="oredCriteria" item="criteria" separator="or" >
        <if test="criteria.valid" >
          <trim prefix="(" suffix=")" prefixOverrides="and" >
            <foreach collection="criteria.criteria" item="criterion" >
              <choose >
                <when test="criterion.noValue" >
                  and ${criterion.condition}
                </when>
                <when test="criterion.singleValue" >
                  and ${criterion.condition} #{criterion.value}
                </when>
                <when test="criterion.betweenValue" >
                  and ${criterion.condition} #{criterion.value} and #{criterion.secondValue}
                </when>
                <when test="criterion.listValue" >
                  and ${criterion.condition}
                  <foreach collection="criterion.value" item="listItem" open="(" close=")" separator="," >
                    #{listItem}
                  </foreach>
                </when>
              </choose>
            </foreach>
          </trim>
        </if>
      </foreach>
    </where>
  </sql>
  <sql id="Update_By_Example_Where_Clause" >
    <where >
      <foreach collection="example.oredCriteria" item="criteria" separator="or" >
        <if test="criteria.valid" >
          <trim prefix="(" suffix=")" prefixOverrides="and" >
            <foreach collection="criteria.criteria" item="criterion" >
              <choose >
                <when test="criterion.noValue" >
                  and ${criterion.condition}
                </when>
                <when test="criterion.singleValue" >
                  and ${criterion.condition} #{criterion.value}
                </when>
                <when test="criterion.betweenValue" >
                  and ${criterion.condition} #{criterion.value} and #{criterion.secondValue}
                </when>
                <when test="criterion.listValue" >
                  and ${criterion.condition}
                  <foreach collection="criterion.value" item="listItem" open="(" close=")" separator="," >
                    #{listItem}
                  </foreach>
                </when>
              </choose>
            </foreach>
          </trim>
        </if>
      </foreach>
    </where>
  </sql>
  <sql id="Base_Column_List" >
    <if test="fields == null" >
      id, user_id, test_id, finished_time, paper_id, remark, test_time
    </if>
    <if test="fields != null" >
      ${fields}
    </if>
  </sql>
  <sql id="Blob_Column_List" >
    answers
  </sql>
  <select id="selectByExampleWithBLOBs" resultMap="ResultMapWithBLOBs" parameterType="cn.sworddata.pojo.AnswerTExample" >
    select
    <if test="distinct" >
      distinct
    </if>
    <include refid="Base_Column_List" />
    ,
    <include refid="Blob_Column_List" />
    from answer_t
    <if test="_parameter != null" >
      <include refid="Example_Where_Clause" />
    </if>
    <if test="orderByClause != null" >
      order by ${orderByClause}
    </if>
  </select>
  <select id="selectByExample" resultMap="BaseResultMap" parameterType="cn.sworddata.pojo.AnswerTExample" >
    select
    <if test="distinct" >
      distinct
    </if>
    <include refid="Base_Column_List" />
    from answer_t
    <if test="_parameter != null" >
      <include refid="Example_Where_Clause" />
    </if>
    <if test="orderByClause != null" >
      order by ${orderByClause}
    </if>
    <if test="startRow != null" >
      limit #{startRow} , #{pageSize}
    </if>
  </select>
  <select id="selectByPrimaryKey" resultMap="ResultMapWithBLOBs" parameterType="java.lang.Integer" >
    select 
    id,user_id,test_id,finished_time,paper_id,remark,test_time,answers
    ,
    <include refid="Blob_Column_List" />
    from answer_t
    where id = #{id,jdbcType=INTEGER}
  </select>
  <delete id="deleteByPrimaryKey" parameterType="java.lang.Integer" >
    delete from answer_t
    where id = #{id,jdbcType=INTEGER}
  </delete>
  <delete id="deleteByExample" parameterType="cn.sworddata.pojo.AnswerTExample" >
    delete from answer_t
    <if test="_parameter != null" >
      <include refid="Example_Where_Clause" />
    </if>
  </delete>
  <insert id="insert" parameterType="cn.sworddata.pojo.AnswerT" >
    insert into answer_t (id, user_id, test_id, 
      finished_time, paper_id, remark, 
      test_time, answers)
    values (#{id,jdbcType=INTEGER}, #{userId,jdbcType=VARCHAR}, #{testId,jdbcType=VARCHAR}, 
      #{finishedTime,jdbcType=TIMESTAMP}, #{paperId,jdbcType=VARCHAR}, #{remark,jdbcType=VARCHAR}, 
      #{testTime,jdbcType=INTEGER}, #{answers,jdbcType=LONGVARCHAR})
  </insert>
  <insert id="insertSelective" parameterType="cn.sworddata.pojo.AnswerT" >
    insert into answer_t
    <trim prefix="(" suffix=")" suffixOverrides="," >
      <if test="id != null" >
        id,
      </if>
      <if test="userId != null" >
        user_id,
      </if>
      <if test="testId != null" >
        test_id,
      </if>
      <if test="finishedTime != null" >
        finished_time,
      </if>
      <if test="paperId != null" >
        paper_id,
      </if>
      <if test="remark != null" >
        remark,
      </if>
      <if test="testTime != null" >
        test_time,
      </if>
      <if test="answers != null" >
        answers,
      </if>
    </trim>
    <trim prefix="values (" suffix=")" suffixOverrides="," >
      <if test="id != null" >
        #{id,jdbcType=INTEGER},
      </if>
      <if test="userId != null" >
        #{userId,jdbcType=VARCHAR},
      </if>
      <if test="testId != null" >
        #{testId,jdbcType=VARCHAR},
      </if>
      <if test="finishedTime != null" >
        #{finishedTime,jdbcType=TIMESTAMP},
      </if>
      <if test="paperId != null" >
        #{paperId,jdbcType=VARCHAR},
      </if>
      <if test="remark != null" >
        #{remark,jdbcType=VARCHAR},
      </if>
      <if test="testTime != null" >
        #{testTime,jdbcType=INTEGER},
      </if>
      <if test="answers != null" >
        #{answers,jdbcType=LONGVARCHAR},
      </if>
    </trim>
  </insert>
  <select id="countByExample" parameterType="cn.sworddata.pojo.AnswerTExample" resultType="java.lang.Integer" >
    select count(*) from answer_t
    <if test="_parameter != null" >
      <include refid="Example_Where_Clause" />
    </if>
  </select>
  <update id="updateByExampleSelective" parameterType="map" >
    update answer_t
    <set >
      <if test="record.id != null" >
        id = #{record.id,jdbcType=INTEGER},
      </if>
      <if test="record.userId != null" >
        user_id = #{record.userId,jdbcType=VARCHAR},
      </if>
      <if test="record.testId != null" >
        test_id = #{record.testId,jdbcType=VARCHAR},
      </if>
      <if test="record.finishedTime != null" >
        finished_time = #{record.finishedTime,jdbcType=TIMESTAMP},
      </if>
      <if test="record.paperId != null" >
        paper_id = #{record.paperId,jdbcType=VARCHAR},
      </if>
      <if test="record.remark != null" >
        remark = #{record.remark,jdbcType=VARCHAR},
      </if>
      <if test="record.testTime != null" >
        test_time = #{record.testTime,jdbcType=INTEGER},
      </if>
      <if test="record.answers != null" >
        answers = #{record.answers,jdbcType=LONGVARCHAR},
      </if>
    </set>
    <if test="_parameter != null" >
      <include refid="Update_By_Example_Where_Clause" />
    </if>
  </update>
  <update id="updateByExampleWithBLOBs" parameterType="map" >
    update answer_t
    set id = #{record.id,jdbcType=INTEGER},
      user_id = #{record.userId,jdbcType=VARCHAR},
      test_id = #{record.testId,jdbcType=VARCHAR},
      finished_time = #{record.finishedTime,jdbcType=TIMESTAMP},
      paper_id = #{record.paperId,jdbcType=VARCHAR},
      remark = #{record.remark,jdbcType=VARCHAR},
      test_time = #{record.testTime,jdbcType=INTEGER},
      answers = #{record.answers,jdbcType=LONGVARCHAR}
    <if test="_parameter != null" >
      <include refid="Update_By_Example_Where_Clause" />
    </if>
  </update>
  <update id="updateByExample" parameterType="map" >
    update answer_t
    set id = #{record.id,jdbcType=INTEGER},
      user_id = #{record.userId,jdbcType=VARCHAR},
      test_id = #{record.testId,jdbcType=VARCHAR},
      finished_time = #{record.finishedTime,jdbcType=TIMESTAMP},
      paper_id = #{record.paperId,jdbcType=VARCHAR},
      remark = #{record.remark,jdbcType=VARCHAR},
      test_time = #{record.testTime,jdbcType=INTEGER}
    <if test="_parameter != null" >
      <include refid="Update_By_Example_Where_Clause" />
    </if>
  </update>
  <update id="updateByPrimaryKeySelective" parameterType="cn.sworddata.pojo.AnswerT" >
    update answer_t
    <set >
      <if test="userId != null" >
        user_id = #{userId,jdbcType=VARCHAR},
      </if>
      <if test="testId != null" >
        test_id = #{testId,jdbcType=VARCHAR},
      </if>
      <if test="finishedTime != null" >
        finished_time = #{finishedTime,jdbcType=TIMESTAMP},
      </if>
      <if test="paperId != null" >
        paper_id = #{paperId,jdbcType=VARCHAR},
      </if>
      <if test="remark != null" >
        remark = #{remark,jdbcType=VARCHAR},
      </if>
      <if test="testTime != null" >
        test_time = #{testTime,jdbcType=INTEGER},
      </if>
      <if test="answers != null" >
        answers = #{answers,jdbcType=LONGVARCHAR},
      </if>
    </set>
    where id = #{id,jdbcType=INTEGER}
  </update>
  <update id="updateByPrimaryKeyWithBLOBs" parameterType="cn.sworddata.pojo.AnswerT" >
    update answer_t
    set user_id = #{userId,jdbcType=VARCHAR},
      test_id = #{testId,jdbcType=VARCHAR},
      finished_time = #{finishedTime,jdbcType=TIMESTAMP},
      paper_id = #{paperId,jdbcType=VARCHAR},
      remark = #{remark,jdbcType=VARCHAR},
      test_time = #{testTime,jdbcType=INTEGER},
      answers = #{answers,jdbcType=LONGVARCHAR}
    where id = #{id,jdbcType=INTEGER}
  </update>
  <update id="updateByPrimaryKey" parameterType="cn.sworddata.pojo.AnswerT" >
    update answer_t
    set user_id = #{userId,jdbcType=VARCHAR},
      test_id = #{testId,jdbcType=VARCHAR},
      finished_time = #{finishedTime,jdbcType=TIMESTAMP},
      paper_id = #{paperId,jdbcType=VARCHAR},
      remark = #{remark,jdbcType=VARCHAR},
      test_time = #{testTime,jdbcType=INTEGER}
    where id = #{id,jdbcType=INTEGER}
  </update>
</mapper>